Handle,Title,Body (HTML),Vendor,Product Category,Type,Tags,Published,Option1 Name,Option1 Value,Variant Grams,Variant Inventory Tracker,Variant Inventory Qty,Variant Inventory Policy,Variant Fulfillment Service,Variant Price,Variant Compare At Price,Variant Requires Shipping,Variant Taxable,Variant Barcode,Image Src,Image Position,Image Alt Text,Gift Card,SEO Title,SEO Description,Status,Variant Image,Variant Weight Unit
white-occasion-wear-georgette-lehenga-choli-with-dupatta-7079,White Georgette Occasion Wear Lehenga Choli with Dupatta,"<p>Buy <strong>white georgette occasion wear lehenga choli</strong> with soft net dupatta — a stunning occasion wear outfit for weddings, sangeet, mehendi, receptions, and festive celebrations. This semi-stitched lehenga choli set features beautiful embroidery work on premium georgette fabric, designed for the modern Indian woman who values both tradition and comfort.</p>

<h2>White Georgette Occasion Wear Lehenga Choli — Product Details</h2>
<p>This white occasion wear lehenga choli is crafted from high-quality georgette fabric with intricate embroidery work, making it perfect for occasion wear events, wedding ceremonies, and festive gatherings. The set includes a semi-stitched lehenga skirt, an unstitched blouse (choli), and a matching soft net dupatta — all ready for custom tailoring to your exact measurements.</p>

<h3>Fabric & Material</h3>
<ul>
<li><strong>Lehenga Fabric:</strong> Premium georgette — lightweight, flowy, and comfortable for all-day wear</li>
<li><strong>Blouse (Choli) Fabric:</strong> Georgette with embroidery work</li>
<li><strong>Dupatta Fabric:</strong> Soft net with embroidered border</li>
<li><strong>Work:</strong> Thread embroidery with sequins detailing</li>
</ul>

<h3>Style & Fit</h3>
<ul>
<li><strong>Type:</strong> Occasion Wear Lehenga Choli</li>
<li><strong>Color:</strong> White</li>
<li><strong>Size:</strong> Semi Stitched (free size, custom tailoring available)</li>
<li><strong>Silhouette:</strong> A-line flared lehenga with dupatta</li>
<li><strong>Fit:</strong> Semi-stitched lehenga skirt with unstitched blouse for custom fit</li>
</ul>

<h2>When to Wear This White Lehenga Choli</h2>
<p>This versatile white georgette lehenga choli is perfect for:</p>
<ul>
<li><strong>Wedding functions:</strong> Sangeet, mehendi, haldi, engagement, and reception ceremonies</li>
<li><strong>Festive occasions:</strong> Diwali, Navratri, Eid, Dussehra, and Karwa Chauth</li>
<li><strong>Occasion Wear:</strong> Parties, cocktail events, and evening functions</li>
<li><strong>As a wedding guest:</strong> A white lehenga choli is an elegant choice for guests at Indian weddings</li>
<li><strong>As a bridesmaid:</strong> Coordinate with the bride's color theme for a cohesive bridal party look</li>
</ul>

<h2>Why Choose This White Georgette Lehenga Choli?</h2>
<ul>
<li><strong>Premium georgette fabric:</strong> Lightweight, breathable, and flows beautifully — perfect for dancing at sangeet and reception events</li>
<li><strong>Intricate embroidery work:</strong> Hand-crafted thread and sequins embroidery adds elegance without being overly heavy</li>
<li><strong>Semi-stitched for custom fit:</strong> The lehenga skirt comes semi-stitched and the blouse is unstitched, allowing you to tailor it to your exact body measurements</li>
<li><strong>Soft net dupatta included:</strong> A matching soft net dupatta with embroidered border completes the look</li>
<li><strong>White color:</strong> White is a versatile shade that flatters all skin tones and photographs beautifully in wedding photography</li>
<li><strong>Affordable luxury:</strong> Priced at $97.99 (compare at $140.99) — designer-quality lehenga choli at a fraction of boutique prices</li>
</ul>

<h2>How to Style This White Lehenga Choli</h2>
<p>For a complete occasion wear look, pair this white georgette lehenga choli with:</p>
<ul>
<li><strong>Jewelry:</strong> Kundan or polki necklace set with matching earrings and maang tikka</li>
<li><strong>Footwear:</strong> Embellished juttis or heels in gold or white</li>
<li><strong>Hairstyle:</strong> Loose curls with fresh jasmine flowers (gajra) for traditional events, or a sleek bun for modern functions</li>
<li><strong>Makeup:</strong> Bold eyes with neutral lips, or a classic red lip with subtle eye makeup</li>
<li><strong>Dupatta draping:</strong> Drape the soft net dupatta over one shoulder for a classic look, or pin it on both shoulders for a more modern silhouette</li>
</ul>

<h2>Shipping & Returns</h2>
<p><strong>Free shipping</strong> on orders over $350 to USA, Canada & Australia. Flat rate $25 per order for orders under $350. Ready-to-wear items dispatch in 3-5 business days; custom-stitched items dispatch in 5-7 business days. Delivery 7-10 business days via USPS/UPS/DHL with full tracking. All sales final. Damage claims accepted within 48 hours with mandatory unboxing video.</p>

<h2>Buy White Lehenga Choli Online in USA, Canada & Australia</h2>
<p>LuxeMia ships authentic Indian ethnic wear to NRIs and ethnic fashion lovers across the USA, Canada, and Australia. This white georgette occasion wear lehenga choli is sourced directly from India's textile hubs and quality-inspected before shipping. Shop with confidence — custom tailoring, worldwide shipping, and USA-based customer support.</p>",LuxeMia,Clothing,Lehenga Choli,"white, white lehenga, white lehenga choli, white georgette lehenga, georgette, georgette lehenga, georgette lehenga choli, soft net dupatta, net dupatta, occasion, occasion lehenga, occasion lehenga choli, occasion wear, wedding lehenga, festival wear, sangeet, mehendi, reception, engagement, diwali, navratri, eid, lehenga, lehenga choli, designer lehenga, embroidered lehenga, bridal lehenga, ghagra choli, semi stitched, semi stitched lehenga, unstitched blouse, custom tailoring, made to measure, ready to ship, with dupatta, embroidery work, thread work, sequins work, women, bride, bridesmaid, wedding guest, usa, canada, australia, nri, indian ethnic wear, indian wedding wear",TRUE,Size,Semi Stitched,2000,shopify,5,deny,manual,97.99,140.99,TRUE,TRUE,,https://fashidwholesale.in/images/product/sub_images/2026/05/2026-05-06_13_59_21-VOL-34%20By%20ZEEL%20COTHING%207079%20WHITE.jpeg,1,White georgette occasion wear lehenga choli with soft net dupatta - front and back view,FALSE,Buy White Georgette Occasion Wear Lehenga Choli Online | LuxeMia,"Shop white georgette occasion wear lehenga choli with soft net dupatta. Semi-stitched, custom tailoring, embroidery work. $98. Free shipping over $350.",active,https://fashidwholesale.in/images/product/sub_images/2026/05/2026-05-06_13_59_21-VOL-34%20By%20ZEEL%20COTHING%207079%20WHITE.jpeg,kg
orange-occasion-wear-georgette-lehenga-choli-with-dupatta-7081,Orange Georgette Occasion Wear Lehenga Choli with Dupatta,"<p>Buy <strong>orange georgette occasion wear lehenga choli</strong> with soft net dupatta — a stunning occasion wear outfit for weddings, sangeet, mehendi, receptions, and festive celebrations. This semi-stitched lehenga choli set features beautiful embroidery work on premium georgette fabric, designed for the modern Indian woman who values both tradition and comfort.</p>

<h2>Orange Georgette Occasion Wear Lehenga Choli — Product Details</h2>
<p>This orange occasion wear lehenga choli is crafted from high-quality georgette fabric with intricate embroidery work, making it perfect for occasion wear events, wedding ceremonies, and festive gatherings. The set includes a semi-stitched lehenga skirt, an unstitched blouse (choli), and a matching soft net dupatta — all ready for custom tailoring to your exact measurements.</p>

<h3>Fabric & Material</h3>
<ul>
<li><strong>Lehenga Fabric:</strong> Premium georgette — lightweight, flowy, and comfortable for all-day wear</li>
<li><strong>Blouse (Choli) Fabric:</strong> Georgette with embroidery work</li>
<li><strong>Dupatta Fabric:</strong> Soft net with embroidered border</li>
<li><strong>Work:</strong> Thread embroidery with sequins detailing</li>
</ul>

<h3>Style & Fit</h3>
<ul>
<li><strong>Type:</strong> Occasion Wear Lehenga Choli</li>
<li><strong>Color:</strong> Orange</li>
<li><strong>Size:</strong> Semi Stitched (free size, custom tailoring available)</li>
<li><strong>Silhouette:</strong> A-line flared lehenga with dupatta</li>
<li><strong>Fit:</strong> Semi-stitched lehenga skirt with unstitched blouse for custom fit</li>
</ul>

<h2>When to Wear This Orange Lehenga Choli</h2>
<p>This versatile orange georgette lehenga choli is perfect for:</p>
<ul>
<li><strong>Wedding functions:</strong> Sangeet, mehendi, haldi, engagement, and reception ceremonies</li>
<li><strong>Festive occasions:</strong> Diwali, Navratri, Eid, Dussehra, and Karwa Chauth</li>
<li><strong>Occasion Wear:</strong> Parties, cocktail events, and evening functions</li>
<li><strong>As a wedding guest:</strong> A orange lehenga choli is an elegant choice for guests at Indian weddings</li>
<li><strong>As a bridesmaid:</strong> Coordinate with the bride's color theme for a cohesive bridal party look</li>
</ul>

<h2>Why Choose This Orange Georgette Lehenga Choli?</h2>
<ul>
<li><strong>Premium georgette fabric:</strong> Lightweight, breathable, and flows beautifully — perfect for dancing at sangeet and reception events</li>
<li><strong>Intricate embroidery work:</strong> Hand-crafted thread and sequins embroidery adds elegance without being overly heavy</li>
<li><strong>Semi-stitched for custom fit:</strong> The lehenga skirt comes semi-stitched and the blouse is unstitched, allowing you to tailor it to your exact body measurements</li>
<li><strong>Soft net dupatta included:</strong> A matching soft net dupatta with embroidered border completes the look</li>
<li><strong>Orange color:</strong> Orange is a versatile shade that flatters all skin tones and photographs beautifully in wedding photography</li>
<li><strong>Affordable luxury:</strong> Priced at $91.99 (compare at $131.99) — designer-quality lehenga choli at a fraction of boutique prices</li>
</ul>

<h2>How to Style This Orange Lehenga Choli</h2>
<p>For a complete occasion wear look, pair this orange georgette lehenga choli with:</p>
<ul>
<li><strong>Jewelry:</strong> Kundan or polki necklace set with matching earrings and maang tikka</li>
<li><strong>Footwear:</strong> Embellished juttis or heels in gold or orange</li>
<li><strong>Hairstyle:</strong> Loose curls with fresh jasmine flowers (gajra) for traditional events, or a sleek bun for modern functions</li>
<li><strong>Makeup:</strong> Bold eyes with neutral lips, or a classic red lip with subtle eye makeup</li>
<li><strong>Dupatta draping:</strong> Drape the soft net dupatta over one shoulder for a classic look, or pin it on both shoulders for a more modern silhouette</li>
</ul>

<h2>Shipping & Returns</h2>
<p><strong>Free shipping</strong> on orders over $350 to USA, Canada & Australia. Flat rate $25 per order for orders under $350. Ready-to-wear items dispatch in 3-5 business days; custom-stitched items dispatch in 5-7 business days. Delivery 7-10 business days via USPS/UPS/DHL with full tracking. All sales final. Damage claims accepted within 48 hours with mandatory unboxing video.</p>

<h2>Buy Orange Lehenga Choli Online in USA, Canada & Australia</h2>
<p>LuxeMia ships authentic Indian ethnic wear to NRIs and ethnic fashion lovers across the USA, Canada, and Australia. This orange georgette occasion wear lehenga choli is sourced directly from India's textile hubs and quality-inspected before shipping. Shop with confidence — custom tailoring, worldwide shipping, and USA-based customer support.</p>",LuxeMia,Clothing,Lehenga Choli,"orange, orange lehenga, orange lehenga choli, orange georgette lehenga, georgette, georgette lehenga, georgette lehenga choli, soft net dupatta, net dupatta, occasion, occasion lehenga, occasion lehenga choli, occasion wear, wedding lehenga, festival wear, sangeet, mehendi, reception, engagement, diwali, navratri, eid, lehenga, lehenga choli, designer lehenga, embroidered lehenga, bridal lehenga, ghagra choli, semi stitched, semi stitched lehenga, unstitched blouse, custom tailoring, made to measure, ready to ship, with dupatta, embroidery work, thread work, sequins work, women, bride, bridesmaid, wedding guest, usa, canada, australia, nri, indian ethnic wear, indian wedding wear",TRUE,Size,Semi Stitched,2000,shopify,5,deny,manual,91.99,131.99,TRUE,TRUE,,https://fashidwholesale.in/images/product/sub_images/2026/05/2026-05-06_13_59_21-VOL-34%20By%20ZEEL%20COTHING%207081%20ORANGE.jpeg,1,Orange georgette occasion wear lehenga choli with soft net dupatta - front and back view,FALSE,Buy Orange Georgette Occasion Wear Lehenga Choli Online | LuxeMia,"Shop orange georgette occasion wear lehenga choli with soft net dupatta. Semi-stitched, custom tailoring, embroidery work. $92. Free shipping over $350.",active,https://fashidwholesale.in/images/product/sub_images/2026/05/2026-05-06_13_59_21-VOL-34%20By%20ZEEL%20COTHING%207081%20ORANGE.jpeg,kg
pink-occasion-wear-georgette-lehenga-choli-with-dupatta-7082,Pink Georgette Occasion Wear Lehenga Choli with Dupatta,"<p>Buy <strong>pink georgette occasion wear lehenga choli</strong> with soft net dupatta — a stunning occasion wear outfit for weddings, sangeet, mehendi, receptions, and festive celebrations. This semi-stitched lehenga choli set features beautiful embroidery work on premium georgette fabric, designed for the modern Indian woman who values both tradition and comfort.</p>

<h2>Pink Georgette Occasion Wear Lehenga Choli — Product Details</h2>
<p>This pink occasion wear lehenga choli is crafted from high-quality georgette fabric with intricate embroidery work, making it perfect for occasion wear events, wedding ceremonies, and festive gatherings. The set includes a semi-stitched lehenga skirt, an unstitched blouse (choli), and a matching soft net dupatta — all ready for custom tailoring to your exact measurements.</p>

<h3>Fabric & Material</h3>
<ul>
<li><strong>Lehenga Fabric:</strong> Premium georgette — lightweight, flowy, and comfortable for all-day wear</li>
<li><strong>Blouse (Choli) Fabric:</strong> Georgette with embroidery work</li>
<li><strong>Dupatta Fabric:</strong> Soft net with embroidered border</li>
<li><strong>Work:</strong> Thread embroidery with sequins detailing</li>
</ul>

<h3>Style & Fit</h3>
<ul>
<li><strong>Type:</strong> Occasion Wear Lehenga Choli</li>
<li><strong>Color:</strong> Pink</li>
<li><strong>Size:</strong> Semi Stitched (free size, custom tailoring available)</li>
<li><strong>Silhouette:</strong> A-line flared lehenga with dupatta</li>
<li><strong>Fit:</strong> Semi-stitched lehenga skirt with unstitched blouse for custom fit</li>
</ul>

<h2>When to Wear This Pink Lehenga Choli</h2>
<p>This versatile pink georgette lehenga choli is perfect for:</p>
<ul>
<li><strong>Wedding functions:</strong> Sangeet, mehendi, haldi, engagement, and reception ceremonies</li>
<li><strong>Festive occasions:</strong> Diwali, Navratri, Eid, Dussehra, and Karwa Chauth</li>
<li><strong>Occasion Wear:</strong> Parties, cocktail events, and evening functions</li>
<li><strong>As a wedding guest:</strong> A pink lehenga choli is an elegant choice for guests at Indian weddings</li>
<li><strong>As a bridesmaid:</strong> Coordinate with the bride's color theme for a cohesive bridal party look</li>
</ul>

<h2>Why Choose This Pink Georgette Lehenga Choli?</h2>
<ul>
<li><strong>Premium georgette fabric:</strong> Lightweight, breathable, and flows beautifully — perfect for dancing at sangeet and reception events</li>
<li><strong>Intricate embroidery work:</strong> Hand-crafted thread and sequins embroidery adds elegance without being overly heavy</li>
<li><strong>Semi-stitched for custom fit:</strong> The lehenga skirt comes semi-stitched and the blouse is unstitched, allowing you to tailor it to your exact body measurements</li>
<li><strong>Soft net dupatta included:</strong> A matching soft net dupatta with embroidered border completes the look</li>
<li><strong>Pink color:</strong> Pink is a versatile shade that flatters all skin tones and photographs beautifully in wedding photography</li>
<li><strong>Affordable luxury:</strong> Priced at $91.99 (compare at $131.99) — designer-quality lehenga choli at a fraction of boutique prices</li>
</ul>

<h2>How to Style This Pink Lehenga Choli</h2>
<p>For a complete occasion wear look, pair this pink georgette lehenga choli with:</p>
<ul>
<li><strong>Jewelry:</strong> Kundan or polki necklace set with matching earrings and maang tikka</li>
<li><strong>Footwear:</strong> Embellished juttis or heels in gold or pink</li>
<li><strong>Hairstyle:</strong> Loose curls with fresh jasmine flowers (gajra) for traditional events, or a sleek bun for modern functions</li>
<li><strong>Makeup:</strong> Bold eyes with neutral lips, or a classic red lip with subtle eye makeup</li>
<li><strong>Dupatta draping:</strong> Drape the soft net dupatta over one shoulder for a classic look, or pin it on both shoulders for a more modern silhouette</li>
</ul>

<h2>Shipping & Returns</h2>
<p><strong>Free shipping</strong> on orders over $350 to USA, Canada & Australia. Flat rate $25 per order for orders under $350. Ready-to-wear items dispatch in 3-5 business days; custom-stitched items dispatch in 5-7 business days. Delivery 7-10 business days via USPS/UPS/DHL with full tracking. All sales final. Damage claims accepted within 48 hours with mandatory unboxing video.</p>

<h2>Buy Pink Lehenga Choli Online in USA, Canada & Australia</h2>
<p>LuxeMia ships authentic Indian ethnic wear to NRIs and ethnic fashion lovers across the USA, Canada, and Australia. This pink georgette occasion wear lehenga choli is sourced directly from India's textile hubs and quality-inspected before shipping. Shop with confidence — custom tailoring, worldwide shipping, and USA-based customer support.</p>",LuxeMia,Clothing,Lehenga Choli,"pink, pink lehenga, pink lehenga choli, pink georgette lehenga, georgette, georgette lehenga, georgette lehenga choli, soft net dupatta, net dupatta, occasion, occasion lehenga, occasion lehenga choli, occasion wear, wedding lehenga, festival wear, sangeet, mehendi, reception, engagement, diwali, navratri, eid, lehenga, lehenga choli, designer lehenga, embroidered lehenga, bridal lehenga, ghagra choli, semi stitched, semi stitched lehenga, unstitched blouse, custom tailoring, made to measure, ready to ship, with dupatta, embroidery work, thread work, sequins work, women, bride, bridesmaid, wedding guest, usa, canada, australia, nri, indian ethnic wear, indian wedding wear",TRUE,Size,Semi Stitched,2000,shopify,5,deny,manual,91.99,131.99,TRUE,TRUE,,https://fashidwholesale.in/images/product/sub_images/2026/05/2026-05-06_13_59_22-VOL-34%20By%20ZEEL%20COTHING%207082%20PINK.jpeg,1,Pink georgette occasion wear lehenga choli with soft net dupatta - front and back view,FALSE,Buy Pink Georgette Occasion Wear Lehenga Choli Online | LuxeMia,"Shop pink georgette occasion wear lehenga choli with soft net dupatta. Semi-stitched, custom tailoring, embroidery work. $92. Free shipping over $350.",active,https://fashidwholesale.in/images/product/sub_images/2026/05/2026-05-06_13_59_22-VOL-34%20By%20ZEEL%20COTHING%207082%20PINK.jpeg,kg
peach-occasion-wear-georgette-lehenga-choli-with-dupatta-7083,Peach Georgette Occasion Wear Lehenga Choli with Dupatta,"<p>Buy <strong>peach georgette occasion wear lehenga choli</strong> with soft net dupatta — a stunning occasion wear outfit for weddings, sangeet, mehendi, receptions, and festive celebrations. This semi-stitched lehenga choli set features beautiful embroidery work on premium georgette fabric, designed for the modern Indian woman who values both tradition and comfort.</p>

<h2>Peach Georgette Occasion Wear Lehenga Choli — Product Details</h2>
<p>This peach occasion wear lehenga choli is crafted from high-quality georgette fabric with intricate embroidery work, making it perfect for occasion wear events, wedding ceremonies, and festive gatherings. The set includes a semi-stitched lehenga skirt, an unstitched blouse (choli), and a matching soft net dupatta — all ready for custom tailoring to your exact measurements.</p>

<h3>Fabric & Material</h3>
<ul>
<li><strong>Lehenga Fabric:</strong> Premium georgette — lightweight, flowy, and comfortable for all-day wear</li>
<li><strong>Blouse (Choli) Fabric:</strong> Georgette with embroidery work</li>
<li><strong>Dupatta Fabric:</strong> Soft net with embroidered border</li>
<li><strong>Work:</strong> Thread embroidery with sequins detailing</li>
</ul>

<h3>Style & Fit</h3>
<ul>
<li><strong>Type:</strong> Occasion Wear Lehenga Choli</li>
<li><strong>Color:</strong> Peach</li>
<li><strong>Size:</strong> Semi Stitched (free size, custom tailoring available)</li>
<li><strong>Silhouette:</strong> A-line flared lehenga with dupatta</li>
<li><strong>Fit:</strong> Semi-stitched lehenga skirt with unstitched blouse for custom fit</li>
</ul>

<h2>When to Wear This Peach Lehenga Choli</h2>
<p>This versatile peach georgette lehenga choli is perfect for:</p>
<ul>
<li><strong>Wedding functions:</strong> Sangeet, mehendi, haldi, engagement, and reception ceremonies</li>
<li><strong>Festive occasions:</strong> Diwali, Navratri, Eid, Dussehra, and Karwa Chauth</li>
<li><strong>Occasion Wear:</strong> Parties, cocktail events, and evening functions</li>
<li><strong>As a wedding guest:</strong> A peach lehenga choli is an elegant choice for guests at Indian weddings</li>
<li><strong>As a bridesmaid:</strong> Coordinate with the bride's color theme for a cohesive bridal party look</li>
</ul>

<h2>Why Choose This Peach Georgette Lehenga Choli?</h2>
<ul>
<li><strong>Premium georgette fabric:</strong> Lightweight, breathable, and flows beautifully — perfect for dancing at sangeet and reception events</li>
<li><strong>Intricate embroidery work:</strong> Hand-crafted thread and sequins embroidery adds elegance without being overly heavy</li>
<li><strong>Semi-stitched for custom fit:</strong> The lehenga skirt comes semi-stitched and the blouse is unstitched, allowing you to tailor it to your exact body measurements</li>
<li><strong>Soft net dupatta included:</strong> A matching soft net dupatta with embroidered border completes the look</li>
<li><strong>Peach color:</strong> Peach is a versatile shade that flatters all skin tones and photographs beautifully in wedding photography</li>
<li><strong>Affordable luxury:</strong> Priced at $91.99 (compare at $131.99) — designer-quality lehenga choli at a fraction of boutique prices</li>
</ul>

<h2>How to Style This Peach Lehenga Choli</h2>
<p>For a complete occasion wear look, pair this peach georgette lehenga choli with:</p>
<ul>
<li><strong>Jewelry:</strong> Kundan or polki necklace set with matching earrings and maang tikka</li>
<li><strong>Footwear:</strong> Embellished juttis or heels in gold or peach</li>
<li><strong>Hairstyle:</strong> Loose curls with fresh jasmine flowers (gajra) for traditional events, or a sleek bun for modern functions</li>
<li><strong>Makeup:</strong> Bold eyes with neutral lips, or a classic red lip with subtle eye makeup</li>
<li><strong>Dupatta draping:</strong> Drape the soft net dupatta over one shoulder for a classic look, or pin it on both shoulders for a more modern silhouette</li>
</ul>

<h2>Shipping & Returns</h2>
<p><strong>Free shipping</strong> on orders over $350 to USA, Canada & Australia. Flat rate $25 per order for orders under $350. Ready-to-wear items dispatch in 3-5 business days; custom-stitched items dispatch in 5-7 business days. Delivery 7-10 business days via USPS/UPS/DHL with full tracking. All sales final. Damage claims accepted within 48 hours with mandatory unboxing video.</p>

<h2>Buy Peach Lehenga Choli Online in USA, Canada & Australia</h2>
<p>LuxeMia ships authentic Indian ethnic wear to NRIs and ethnic fashion lovers across the USA, Canada, and Australia. This peach georgette occasion wear lehenga choli is sourced directly from India's textile hubs and quality-inspected before shipping. Shop with confidence — custom tailoring, worldwide shipping, and USA-based customer support.</p>",LuxeMia,Clothing,Lehenga Choli,"peach, peach lehenga, peach lehenga choli, peach georgette lehenga, georgette, georgette lehenga, georgette lehenga choli, soft net dupatta, net dupatta, occasion, occasion lehenga, occasion lehenga choli, occasion wear, wedding lehenga, festival wear, sangeet, mehendi, reception, engagement, diwali, navratri, eid, lehenga, lehenga choli, designer lehenga, embroidered lehenga, bridal lehenga, ghagra choli, semi stitched, semi stitched lehenga, unstitched blouse, custom tailoring, made to measure, ready to ship, with dupatta, embroidery work, thread work, sequins work, women, bride, bridesmaid, wedding guest, usa, canada, australia, nri, indian ethnic wear, indian wedding wear",TRUE,Size,Semi Stitched,2000,shopify,5,deny,manual,91.99,131.99,TRUE,TRUE,,https://fashidwholesale.in/images/product/sub_images/2026/05/2026-05-06_13_59_22-VOL-34%20By%20ZEEL%20COTHING%207083%20PEACH.jpeg,1,Peach georgette occasion wear lehenga choli with soft net dupatta - front and back view,FALSE,Buy Peach Georgette Occasion Wear Lehenga Choli Online | LuxeMia,"Shop peach georgette occasion wear lehenga choli with soft net dupatta. Semi-stitched, custom tailoring, embroidery work. $92. Free shipping over $350.",active,https://fashidwholesale.in/images/product/sub_images/2026/05/2026-05-06_13_59_22-VOL-34%20By%20ZEEL%20COTHING%207083%20PEACH.jpeg,kg
olive-occasion-wear-georgette-lehenga-choli-with-dupatta-7084,Olive Georgette Occasion Wear Lehenga Choli with Dupatta,"<p>Buy <strong>olive georgette occasion wear lehenga choli</strong> with soft net dupatta — a stunning occasion wear outfit for weddings, sangeet, mehendi, receptions, and festive celebrations. This semi-stitched lehenga choli set features beautiful embroidery work on premium georgette fabric, designed for the modern Indian woman who values both tradition and comfort.</p>

<h2>Olive Georgette Occasion Wear Lehenga Choli — Product Details</h2>
<p>This olive occasion wear lehenga choli is crafted from high-quality georgette fabric with intricate embroidery work, making it perfect for occasion wear events, wedding ceremonies, and festive gatherings. The set includes a semi-stitched lehenga skirt, an unstitched blouse (choli), and a matching soft net dupatta — all ready for custom tailoring to your exact measurements.</p>

<h3>Fabric & Material</h3>
<ul>
<li><strong>Lehenga Fabric:</strong> Premium georgette — lightweight, flowy, and comfortable for all-day wear</li>
<li><strong>Blouse (Choli) Fabric:</strong> Georgette with embroidery work</li>
<li><strong>Dupatta Fabric:</strong> Soft net with embroidered border</li>
<li><strong>Work:</strong> Thread embroidery with sequins detailing</li>
</ul>

<h3>Style & Fit</h3>
<ul>
<li><strong>Type:</strong> Occasion Wear Lehenga Choli</li>
<li><strong>Color:</strong> Olive</li>
<li><strong>Size:</strong> Semi Stitched (free size, custom tailoring available)</li>
<li><strong>Silhouette:</strong> A-line flared lehenga with dupatta</li>
<li><strong>Fit:</strong> Semi-stitched lehenga skirt with unstitched blouse for custom fit</li>
</ul>

<h2>When to Wear This Olive Lehenga Choli</h2>
<p>This versatile olive georgette lehenga choli is perfect for:</p>
<ul>
<li><strong>Wedding functions:</strong> Sangeet, mehendi, haldi, engagement, and reception ceremonies</li>
<li><strong>Festive occasions:</strong> Diwali, Navratri, Eid, Dussehra, and Karwa Chauth</li>
<li><strong>Occasion Wear:</strong> Parties, cocktail events, and evening functions</li>
<li><strong>As a wedding guest:</strong> A olive lehenga choli is an elegant choice for guests at Indian weddings</li>
<li><strong>As a bridesmaid:</strong> Coordinate with the bride's color theme for a cohesive bridal party look</li>
</ul>

<h2>Why Choose This Olive Georgette Lehenga Choli?</h2>
<ul>
<li><strong>Premium georgette fabric:</strong> Lightweight, breathable, and flows beautifully — perfect for dancing at sangeet and reception events</li>
<li><strong>Intricate embroidery work:</strong> Hand-crafted thread and sequins embroidery adds elegance without being overly heavy</li>
<li><strong>Semi-stitched for custom fit:</strong> The lehenga skirt comes semi-stitched and the blouse is unstitched, allowing you to tailor it to your exact body measurements</li>
<li><strong>Soft net dupatta included:</strong> A matching soft net dupatta with embroidered border completes the look</li>
<li><strong>Olive color:</strong> Olive is a versatile shade that flatters all skin tones and photographs beautifully in wedding photography</li>
<li><strong>Affordable luxury:</strong> Priced at $91.99 (compare at $131.99) — designer-quality lehenga choli at a fraction of boutique prices</li>
</ul>

<h2>How to Style This Olive Lehenga Choli</h2>
<p>For a complete occasion wear look, pair this olive georgette lehenga choli with:</p>
<ul>
<li><strong>Jewelry:</strong> Kundan or polki necklace set with matching earrings and maang tikka</li>
<li><strong>Footwear:</strong> Embellished juttis or heels in gold or olive</li>
<li><strong>Hairstyle:</strong> Loose curls with fresh jasmine flowers (gajra) for traditional events, or a sleek bun for modern functions</li>
<li><strong>Makeup:</strong> Bold eyes with neutral lips, or a classic red lip with subtle eye makeup</li>
<li><strong>Dupatta draping:</strong> Drape the soft net dupatta over one shoulder for a classic look, or pin it on both shoulders for a more modern silhouette</li>
</ul>

<h2>Shipping & Returns</h2>
<p><strong>Free shipping</strong> on orders over $350 to USA, Canada & Australia. Flat rate $25 per order for orders under $350. Ready-to-wear items dispatch in 3-5 business days; custom-stitched items dispatch in 5-7 business days. Delivery 7-10 business days via USPS/UPS/DHL with full tracking. All sales final. Damage claims accepted within 48 hours with mandatory unboxing video.</p>

<h2>Buy Olive Lehenga Choli Online in USA, Canada & Australia</h2>
<p>LuxeMia ships authentic Indian ethnic wear to NRIs and ethnic fashion lovers across the USA, Canada, and Australia. This olive georgette occasion wear lehenga choli is sourced directly from India's textile hubs and quality-inspected before shipping. Shop with confidence — custom tailoring, worldwide shipping, and USA-based customer support.</p>",LuxeMia,Clothing,Lehenga Choli,"olive, olive lehenga, olive lehenga choli, olive georgette lehenga, georgette, georgette lehenga, georgette lehenga choli, soft net dupatta, net dupatta, occasion, occasion lehenga, occasion lehenga choli, occasion wear, wedding lehenga, festival wear, sangeet, mehendi, reception, engagement, diwali, navratri, eid, lehenga, lehenga choli, designer lehenga, embroidered lehenga, bridal lehenga, ghagra choli, semi stitched, semi stitched lehenga, unstitched blouse, custom tailoring, made to measure, ready to ship, with dupatta, embroidery work, thread work, sequins work, women, bride, bridesmaid, wedding guest, usa, canada, australia, nri, indian ethnic wear, indian wedding wear",TRUE,Size,Semi Stitched,2000,shopify,5,deny,manual,91.99,131.99,TRUE,TRUE,,https://fashidwholesale.in/images/product/sub_images/2026/05/2026-05-06_13_59_22-VOL-34%20By%20ZEEL%20COTHING%207084%20OLIVE.jpeg,1,Olive georgette occasion wear lehenga choli with soft net dupatta - front and back view,FALSE,Buy Olive Georgette Occasion Wear Lehenga Choli Online | LuxeMia,"Shop olive georgette occasion wear lehenga choli with soft net dupatta. Semi-stitched, custom tailoring, embroidery work. $92. Free shipping over $350.",active,https://fashidwholesale.in/images/product/sub_images/2026/05/2026-05-06_13_59_22-VOL-34%20By%20ZEEL%20COTHING%207084%20OLIVE.jpeg,kg
pink-party-wear-georgette-lehenga-choli-with-dupatta-7088,Pink Georgette Party Wear Lehenga Choli with Dupatta,"<p>Buy <strong>pink georgette party wear lehenga choli</strong> with soft net dupatta — a stunning party wear outfit for weddings, sangeet, mehendi, receptions, and festive celebrations. This semi-stitched lehenga choli set features beautiful embroidery work on premium georgette fabric, designed for the modern Indian woman who values both tradition and comfort.</p>

<h2>Pink Georgette Party Wear Lehenga Choli — Product Details</h2>
<p>This pink party wear lehenga choli is crafted from high-quality georgette fabric with intricate embroidery work, making it perfect for party wear events, wedding ceremonies, and festive gatherings. The set includes a semi-stitched lehenga skirt, an unstitched blouse (choli), and a matching soft net dupatta — all ready for custom tailoring to your exact measurements.</p>

<h3>Fabric & Material</h3>
<ul>
<li><strong>Lehenga Fabric:</strong> Premium georgette — lightweight, flowy, and comfortable for all-day wear</li>
<li><strong>Blouse (Choli) Fabric:</strong> Georgette with embroidery work</li>
<li><strong>Dupatta Fabric:</strong> Soft net with embroidered border</li>
<li><strong>Work:</strong> Thread embroidery with sequins detailing</li>
</ul>

<h3>Style & Fit</h3>
<ul>
<li><strong>Type:</strong> Party Wear Lehenga Choli</li>
<li><strong>Color:</strong> Pink</li>
<li><strong>Size:</strong> Semi Stitched (free size, custom tailoring available)</li>
<li><strong>Silhouette:</strong> A-line flared lehenga with dupatta</li>
<li><strong>Fit:</strong> Semi-stitched lehenga skirt with unstitched blouse for custom fit</li>
</ul>

<h2>When to Wear This Pink Lehenga Choli</h2>
<p>This versatile pink georgette lehenga choli is perfect for:</p>
<ul>
<li><strong>Wedding functions:</strong> Sangeet, mehendi, haldi, engagement, and reception ceremonies</li>
<li><strong>Festive occasions:</strong> Diwali, Navratri, Eid, Dussehra, and Karwa Chauth</li>
<li><strong>Party Wear:</strong> Parties, cocktail events, and evening functions</li>
<li><strong>As a wedding guest:</strong> A pink lehenga choli is an elegant choice for guests at Indian weddings</li>
<li><strong>As a bridesmaid:</strong> Coordinate with the bride's color theme for a cohesive bridal party look</li>
</ul>

<h2>Why Choose This Pink Georgette Lehenga Choli?</h2>
<ul>
<li><strong>Premium georgette fabric:</strong> Lightweight, breathable, and flows beautifully — perfect for dancing at sangeet and reception events</li>
<li><strong>Intricate embroidery work:</strong> Hand-crafted thread and sequins embroidery adds elegance without being overly heavy</li>
<li><strong>Semi-stitched for custom fit:</strong> The lehenga skirt comes semi-stitched and the blouse is unstitched, allowing you to tailor it to your exact body measurements</li>
<li><strong>Soft net dupatta included:</strong> A matching soft net dupatta with embroidered border completes the look</li>
<li><strong>Pink color:</strong> Pink is a versatile shade that flatters all skin tones and photographs beautifully in wedding photography</li>
<li><strong>Affordable luxury:</strong> Priced at $83.99 (compare at $120.99) — designer-quality lehenga choli at a fraction of boutique prices</li>
</ul>

<h2>How to Style This Pink Lehenga Choli</h2>
<p>For a complete party wear look, pair this pink georgette lehenga choli with:</p>
<ul>
<li><strong>Jewelry:</strong> Kundan or polki necklace set with matching earrings and maang tikka</li>
<li><strong>Footwear:</strong> Embellished juttis or heels in gold or pink</li>
<li><strong>Hairstyle:</strong> Loose curls with fresh jasmine flowers (gajra) for traditional events, or a sleek bun for modern functions</li>
<li><strong>Makeup:</strong> Bold eyes with neutral lips, or a classic red lip with subtle eye makeup</li>
<li><strong>Dupatta draping:</strong> Drape the soft net dupatta over one shoulder for a classic look, or pin it on both shoulders for a more modern silhouette</li>
</ul>

<h2>Shipping & Returns</h2>
<p><strong>Free shipping</strong> on orders over $350 to USA, Canada & Australia. Flat rate $25 per order for orders under $350. Ready-to-wear items dispatch in 3-5 business days; custom-stitched items dispatch in 5-7 business days. Delivery 7-10 business days via USPS/UPS/DHL with full tracking. All sales final. Damage claims accepted within 48 hours with mandatory unboxing video.</p>

<h2>Buy Pink Lehenga Choli Online in USA, Canada & Australia</h2>
<p>LuxeMia ships authentic Indian ethnic wear to NRIs and ethnic fashion lovers across the USA, Canada, and Australia. This pink georgette party wear lehenga choli is sourced directly from India's textile hubs and quality-inspected before shipping. Shop with confidence — custom tailoring, worldwide shipping, and USA-based customer support.</p>",LuxeMia,Clothing,Lehenga Choli,"pink, pink lehenga, pink lehenga choli, pink georgette lehenga, georgette, georgette lehenga, georgette lehenga choli, soft net dupatta, net dupatta, party, party lehenga, party lehenga choli, party wear, wedding lehenga, festival wear, sangeet, mehendi, reception, engagement, diwali, navratri, eid, lehenga, lehenga choli, designer lehenga, embroidered lehenga, bridal lehenga, ghagra choli, semi stitched, semi stitched lehenga, unstitched blouse, custom tailoring, made to measure, ready to ship, with dupatta, embroidery work, thread work, sequins work, women, bride, bridesmaid, wedding guest, usa, canada, australia, nri, indian ethnic wear, indian wedding wear",TRUE,Size,Semi Stitched,2000,shopify,5,deny,manual,83.99,120.99,TRUE,TRUE,,https://fashidwholesale.in/images/product/sub_images/2026/05/2026-05-06_13_59_22-VOL-34%20By%20ZEEL%20COTHING%207088%20PINK.jpeg,1,Pink georgette party wear lehenga choli with soft net dupatta - front and back view,FALSE,Buy Pink Georgette Party Wear Lehenga Choli Online | LuxeMia,"Shop pink georgette party wear lehenga choli with soft net dupatta. Semi-stitched, custom tailoring, embroidery work. $84. Free shipping over $350.",active,https://fashidwholesale.in/images/product/sub_images/2026/05/2026-05-06_13_59_22-VOL-34%20By%20ZEEL%20COTHING%207088%20PINK.jpeg,kg
red-party-wear-georgette-lehenga-choli-with-dupatta-7088,Red Georgette Party Wear Lehenga Choli with Dupatta,"<p>Buy <strong>red georgette party wear lehenga choli</strong> with soft net dupatta — a stunning party wear outfit for weddings, sangeet, mehendi, receptions, and festive celebrations. This semi-stitched lehenga choli set features beautiful embroidery work on premium georgette fabric, designed for the modern Indian woman who values both tradition and comfort.</p>

<h2>Red Georgette Party Wear Lehenga Choli — Product Details</h2>
<p>This red party wear lehenga choli is crafted from high-quality georgette fabric with intricate embroidery work, making it perfect for party wear events, wedding ceremonies, and festive gatherings. The set includes a semi-stitched lehenga skirt, an unstitched blouse (choli), and a matching soft net dupatta — all ready for custom tailoring to your exact measurements.</p>

<h3>Fabric & Material</h3>
<ul>
<li><strong>Lehenga Fabric:</strong> Premium georgette — lightweight, flowy, and comfortable for all-day wear</li>
<li><strong>Blouse (Choli) Fabric:</strong> Georgette with embroidery work</li>
<li><strong>Dupatta Fabric:</strong> Soft net with embroidered border</li>
<li><strong>Work:</strong> Thread embroidery with sequins detailing</li>
</ul>

<h3>Style & Fit</h3>
<ul>
<li><strong>Type:</strong> Party Wear Lehenga Choli</li>
<li><strong>Color:</strong> Red</li>
<li><strong>Size:</strong> Semi Stitched (free size, custom tailoring available)</li>
<li><strong>Silhouette:</strong> A-line flared lehenga with dupatta</li>
<li><strong>Fit:</strong> Semi-stitched lehenga skirt with unstitched blouse for custom fit</li>
</ul>

<h2>When to Wear This Red Lehenga Choli</h2>
<p>This versatile red georgette lehenga choli is perfect for:</p>
<ul>
<li><strong>Wedding functions:</strong> Sangeet, mehendi, haldi, engagement, and reception ceremonies</li>
<li><strong>Festive occasions:</strong> Diwali, Navratri, Eid, Dussehra, and Karwa Chauth</li>
<li><strong>Party Wear:</strong> Parties, cocktail events, and evening functions</li>
<li><strong>As a wedding guest:</strong> A red lehenga choli is an elegant choice for guests at Indian weddings</li>
<li><strong>As a bridesmaid:</strong> Coordinate with the bride's color theme for a cohesive bridal party look</li>
</ul>

<h2>Why Choose This Red Georgette Lehenga Choli?</h2>
<ul>
<li><strong>Premium georgette fabric:</strong> Lightweight, breathable, and flows beautifully — perfect for dancing at sangeet and reception events</li>
<li><strong>Intricate embroidery work:</strong> Hand-crafted thread and sequins embroidery adds elegance without being overly heavy</li>
<li><strong>Semi-stitched for custom fit:</strong> The lehenga skirt comes semi-stitched and the blouse is unstitched, allowing you to tailor it to your exact body measurements</li>
<li><strong>Soft net dupatta included:</strong> A matching soft net dupatta with embroidered border completes the look</li>
<li><strong>Red color:</strong> Red is a versatile shade that flatters all skin tones and photographs beautifully in wedding photography</li>
<li><strong>Affordable luxury:</strong> Priced at $83.99 (compare at $120.99) — designer-quality lehenga choli at a fraction of boutique prices</li>
</ul>

<h2>How to Style This Red Lehenga Choli</h2>
<p>For a complete party wear look, pair this red georgette lehenga choli with:</p>
<ul>
<li><strong>Jewelry:</strong> Kundan or polki necklace set with matching earrings and maang tikka</li>
<li><strong>Footwear:</strong> Embellished juttis or heels in gold or red</li>
<li><strong>Hairstyle:</strong> Loose curls with fresh jasmine flowers (gajra) for traditional events, or a sleek bun for modern functions</li>
<li><strong>Makeup:</strong> Bold eyes with neutral lips, or a classic red lip with subtle eye makeup</li>
<li><strong>Dupatta draping:</strong> Drape the soft net dupatta over one shoulder for a classic look, or pin it on both shoulders for a more modern silhouette</li>
</ul>

<h2>Shipping & Returns</h2>
<p><strong>Free shipping</strong> on orders over $350 to USA, Canada & Australia. Flat rate $25 per order for orders under $350. Ready-to-wear items dispatch in 3-5 business days; custom-stitched items dispatch in 5-7 business days. Delivery 7-10 business days via USPS/UPS/DHL with full tracking. All sales final. Damage claims accepted within 48 hours with mandatory unboxing video.</p>

<h2>Buy Red Lehenga Choli Online in USA, Canada & Australia</h2>
<p>LuxeMia ships authentic Indian ethnic wear to NRIs and ethnic fashion lovers across the USA, Canada, and Australia. This red georgette party wear lehenga choli is sourced directly from India's textile hubs and quality-inspected before shipping. Shop with confidence — custom tailoring, worldwide shipping, and USA-based customer support.</p>",LuxeMia,Clothing,Lehenga Choli,"red, red lehenga, red lehenga choli, red georgette lehenga, georgette, georgette lehenga, georgette lehenga choli, soft net dupatta, net dupatta, party, party lehenga, party lehenga choli, party wear, wedding lehenga, festival wear, sangeet, mehendi, reception, engagement, diwali, navratri, eid, lehenga, lehenga choli, designer lehenga, embroidered lehenga, bridal lehenga, ghagra choli, semi stitched, semi stitched lehenga, unstitched blouse, custom tailoring, made to measure, ready to ship, with dupatta, embroidery work, thread work, sequins work, women, bride, bridesmaid, wedding guest, usa, canada, australia, nri, indian ethnic wear, indian wedding wear",TRUE,Size,Semi Stitched,2000,shopify,5,deny,manual,83.99,120.99,TRUE,TRUE,,https://fashidwholesale.in/images/product/sub_images/2026/05/2026-05-06_13_59_22-VOL-34%20By%20ZEEL%20COTHING%207088%20RED.jpeg,1,Red georgette party wear lehenga choli with soft net dupatta - front and back view,FALSE,Buy Red Georgette Party Wear Lehenga Choli Online | LuxeMia,"Shop red georgette party wear lehenga choli with soft net dupatta. Semi-stitched, custom tailoring, embroidery work. $84. Free shipping over $350.",active,https://fashidwholesale.in/images/product/sub_images/2026/05/2026-05-06_13_59_22-VOL-34%20By%20ZEEL%20COTHING%207088%20RED.jpeg,kg
yellow-party-wear-georgette-lehenga-choli-with-dupatta-7088,Yellow Georgette Party Wear Lehenga Choli with Dupatta,"<p>Buy <strong>yellow georgette party wear lehenga choli</strong> with soft net dupatta — a stunning party wear outfit for weddings, sangeet, mehendi, receptions, and festive celebrations. This semi-stitched lehenga choli set features beautiful embroidery work on premium georgette fabric, designed for the modern Indian woman who values both tradition and comfort.</p>

<h2>Yellow Georgette Party Wear Lehenga Choli — Product Details</h2>
<p>This yellow party wear lehenga choli is crafted from high-quality georgette fabric with intricate embroidery work, making it perfect for party wear events, wedding ceremonies, and festive gatherings. The set includes a semi-stitched lehenga skirt, an unstitched blouse (choli), and a matching soft net dupatta — all ready for custom tailoring to your exact measurements.</p>

<h3>Fabric & Material</h3>
<ul>
<li><strong>Lehenga Fabric:</strong> Premium georgette — lightweight, flowy, and comfortable for all-day wear</li>
<li><strong>Blouse (Choli) Fabric:</strong> Georgette with embroidery work</li>
<li><strong>Dupatta Fabric:</strong> Soft net with embroidered border</li>
<li><strong>Work:</strong> Thread embroidery with sequins detailing</li>
</ul>

<h3>Style & Fit</h3>
<ul>
<li><strong>Type:</strong> Party Wear Lehenga Choli</li>
<li><strong>Color:</strong> Yellow</li>
<li><strong>Size:</strong> Semi Stitched (free size, custom tailoring available)</li>
<li><strong>Silhouette:</strong> A-line flared lehenga with dupatta</li>
<li><strong>Fit:</strong> Semi-stitched lehenga skirt with unstitched blouse for custom fit</li>
</ul>

<h2>When to Wear This Yellow Lehenga Choli</h2>
<p>This versatile yellow georgette lehenga choli is perfect for:</p>
<ul>
<li><strong>Wedding functions:</strong> Sangeet, mehendi, haldi, engagement, and reception ceremonies</li>
<li><strong>Festive occasions:</strong> Diwali, Navratri, Eid, Dussehra, and Karwa Chauth</li>
<li><strong>Party Wear:</strong> Parties, cocktail events, and evening functions</li>
<li><strong>As a wedding guest:</strong> A yellow lehenga choli is an elegant choice for guests at Indian weddings</li>
<li><strong>As a bridesmaid:</strong> Coordinate with the bride's color theme for a cohesive bridal party look</li>
</ul>

<h2>Why Choose This Yellow Georgette Lehenga Choli?</h2>
<ul>
<li><strong>Premium georgette fabric:</strong> Lightweight, breathable, and flows beautifully — perfect for dancing at sangeet and reception events</li>
<li><strong>Intricate embroidery work:</strong> Hand-crafted thread and sequins embroidery adds elegance without being overly heavy</li>
<li><strong>Semi-stitched for custom fit:</strong> The lehenga skirt comes semi-stitched and the blouse is unstitched, allowing you to tailor it to your exact body measurements</li>
<li><strong>Soft net dupatta included:</strong> A matching soft net dupatta with embroidered border completes the look</li>
<li><strong>Yellow color:</strong> Yellow is a versatile shade that flatters all skin tones and photographs beautifully in wedding photography</li>
<li><strong>Affordable luxury:</strong> Priced at $83.99 (compare at $120.99) — designer-quality lehenga choli at a fraction of boutique prices</li>
</ul>

<h2>How to Style This Yellow Lehenga Choli</h2>
<p>For a complete party wear look, pair this yellow georgette lehenga choli with:</p>
<ul>
<li><strong>Jewelry:</strong> Kundan or polki necklace set with matching earrings and maang tikka</li>
<li><strong>Footwear:</strong> Embellished juttis or heels in gold or yellow</li>
<li><strong>Hairstyle:</strong> Loose curls with fresh jasmine flowers (gajra) for traditional events, or a sleek bun for modern functions</li>
<li><strong>Makeup:</strong> Bold eyes with neutral lips, or a classic red lip with subtle eye makeup</li>
<li><strong>Dupatta draping:</strong> Drape the soft net dupatta over one shoulder for a classic look, or pin it on both shoulders for a more modern silhouette</li>
</ul>

<h2>Shipping & Returns</h2>
<p><strong>Free shipping</strong> on orders over $350 to USA, Canada & Australia. Flat rate $25 per order for orders under $350. Ready-to-wear items dispatch in 3-5 business days; custom-stitched items dispatch in 5-7 business days. Delivery 7-10 business days via USPS/UPS/DHL with full tracking. All sales final. Damage claims accepted within 48 hours with mandatory unboxing video.</p>

<h2>Buy Yellow Lehenga Choli Online in USA, Canada & Australia</h2>
<p>LuxeMia ships authentic Indian ethnic wear to NRIs and ethnic fashion lovers across the USA, Canada, and Australia. This yellow georgette party wear lehenga choli is sourced directly from India's textile hubs and quality-inspected before shipping. Shop with confidence — custom tailoring, worldwide shipping, and USA-based customer support.</p>",LuxeMia,Clothing,Lehenga Choli,"yellow, yellow lehenga, yellow lehenga choli, yellow georgette lehenga, georgette, georgette lehenga, georgette lehenga choli, soft net dupatta, net dupatta, party, party lehenga, party lehenga choli, party wear, wedding lehenga, festival wear, sangeet, mehendi, reception, engagement, diwali, navratri, eid, lehenga, lehenga choli, designer lehenga, embroidered lehenga, bridal lehenga, ghagra choli, semi stitched, semi stitched lehenga, unstitched blouse, custom tailoring, made to measure, ready to ship, with dupatta, embroidery work, thread work, sequins work, women, bride, bridesmaid, wedding guest, usa, canada, australia, nri, indian ethnic wear, indian wedding wear",TRUE,Size,Semi Stitched,2000,shopify,5,deny,manual,83.99,120.99,TRUE,TRUE,,https://fashidwholesale.in/images/product/sub_images/2026/05/2026-05-06_13_59_23-VOL-34%20By%20ZEEL%20COTHING%207088%20YELLOW.jpeg,1,Yellow georgette party wear lehenga choli with soft net dupatta - front and back view,FALSE,Buy Yellow Georgette Party Wear Lehenga Choli Online | LuxeMia,"Shop yellow georgette party wear lehenga choli with soft net dupatta. Semi-stitched, custom tailoring, embroidery work. $84. Free shipping over $350.",active,https://fashidwholesale.in/images/product/sub_images/2026/05/2026-05-06_13_59_23-VOL-34%20By%20ZEEL%20COTHING%207088%20YELLOW.jpeg,kg
blue-party-wear-georgette-lehenga-choli-with-dupatta-7093,Blue Georgette Party Wear Lehenga Choli with Dupatta,"<p>Buy <strong>blue georgette party wear lehenga choli</strong> with soft net dupatta — a stunning party wear outfit for weddings, sangeet, mehendi, receptions, and festive celebrations. This semi-stitched lehenga choli set features beautiful embroidery work on premium georgette fabric, designed for the modern Indian woman who values both tradition and comfort.</p>

<h2>Blue Georgette Party Wear Lehenga Choli — Product Details</h2>
<p>This blue party wear lehenga choli is crafted from high-quality georgette fabric with intricate embroidery work, making it perfect for party wear events, wedding ceremonies, and festive gatherings. The set includes a semi-stitched lehenga skirt, an unstitched blouse (choli), and a matching soft net dupatta — all ready for custom tailoring to your exact measurements.</p>

<h3>Fabric & Material</h3>
<ul>
<li><strong>Lehenga Fabric:</strong> Premium georgette — lightweight, flowy, and comfortable for all-day wear</li>
<li><strong>Blouse (Choli) Fabric:</strong> Georgette with embroidery work</li>
<li><strong>Dupatta Fabric:</strong> Soft net with embroidered border</li>
<li><strong>Work:</strong> Thread embroidery with sequins detailing</li>
</ul>

<h3>Style & Fit</h3>
<ul>
<li><strong>Type:</strong> Party Wear Lehenga Choli</li>
<li><strong>Color:</strong> Blue</li>
<li><strong>Size:</strong> Semi Stitched (free size, custom tailoring available)</li>
<li><strong>Silhouette:</strong> A-line flared lehenga with dupatta</li>
<li><strong>Fit:</strong> Semi-stitched lehenga skirt with unstitched blouse for custom fit</li>
</ul>

<h2>When to Wear This Blue Lehenga Choli</h2>
<p>This versatile blue georgette lehenga choli is perfect for:</p>
<ul>
<li><strong>Wedding functions:</strong> Sangeet, mehendi, haldi, engagement, and reception ceremonies</li>
<li><strong>Festive occasions:</strong> Diwali, Navratri, Eid, Dussehra, and Karwa Chauth</li>
<li><strong>Party Wear:</strong> Parties, cocktail events, and evening functions</li>
<li><strong>As a wedding guest:</strong> A blue lehenga choli is an elegant choice for guests at Indian weddings</li>
<li><strong>As a bridesmaid:</strong> Coordinate with the bride's color theme for a cohesive bridal party look</li>
</ul>

<h2>Why Choose This Blue Georgette Lehenga Choli?</h2>
<ul>
<li><strong>Premium georgette fabric:</strong> Lightweight, breathable, and flows beautifully — perfect for dancing at sangeet and reception events</li>
<li><strong>Intricate embroidery work:</strong> Hand-crafted thread and sequins embroidery adds elegance without being overly heavy</li>
<li><strong>Semi-stitched for custom fit:</strong> The lehenga skirt comes semi-stitched and the blouse is unstitched, allowing you to tailor it to your exact body measurements</li>
<li><strong>Soft net dupatta included:</strong> A matching soft net dupatta with embroidered border completes the look</li>
<li><strong>Blue color:</strong> Blue is a versatile shade that flatters all skin tones and photographs beautifully in wedding photography</li>
<li><strong>Affordable luxury:</strong> Priced at $72.99 (compare at $104.99) — designer-quality lehenga choli at a fraction of boutique prices</li>
</ul>

<h2>How to Style This Blue Lehenga Choli</h2>
<p>For a complete party wear look, pair this blue georgette lehenga choli with:</p>
<ul>
<li><strong>Jewelry:</strong> Kundan or polki necklace set with matching earrings and maang tikka</li>
<li><strong>Footwear:</strong> Embellished juttis or heels in gold or blue</li>
<li><strong>Hairstyle:</strong> Loose curls with fresh jasmine flowers (gajra) for traditional events, or a sleek bun for modern functions</li>
<li><strong>Makeup:</strong> Bold eyes with neutral lips, or a classic red lip with subtle eye makeup</li>
<li><strong>Dupatta draping:</strong> Drape the soft net dupatta over one shoulder for a classic look, or pin it on both shoulders for a more modern silhouette</li>
</ul>

<h2>Shipping & Returns</h2>
<p><strong>Free shipping</strong> on orders over $350 to USA, Canada & Australia. Flat rate $25 per order for orders under $350. Ready-to-wear items dispatch in 3-5 business days; custom-stitched items dispatch in 5-7 business days. Delivery 7-10 business days via USPS/UPS/DHL with full tracking. All sales final. Damage claims accepted within 48 hours with mandatory unboxing video.</p>

<h2>Buy Blue Lehenga Choli Online in USA, Canada & Australia</h2>
<p>LuxeMia ships authentic Indian ethnic wear to NRIs and ethnic fashion lovers across the USA, Canada, and Australia. This blue georgette party wear lehenga choli is sourced directly from India's textile hubs and quality-inspected before shipping. Shop with confidence — custom tailoring, worldwide shipping, and USA-based customer support.</p>",LuxeMia,Clothing,Lehenga Choli,"blue, blue lehenga, blue lehenga choli, blue georgette lehenga, georgette, georgette lehenga, georgette lehenga choli, soft net dupatta, net dupatta, party, party lehenga, party lehenga choli, party wear, wedding lehenga, festival wear, sangeet, mehendi, reception, engagement, diwali, navratri, eid, lehenga, lehenga choli, designer lehenga, embroidered lehenga, bridal lehenga, ghagra choli, semi stitched, semi stitched lehenga, unstitched blouse, custom tailoring, made to measure, ready to ship, with dupatta, embroidery work, thread work, sequins work, women, bride, bridesmaid, wedding guest, usa, canada, australia, nri, indian ethnic wear, indian wedding wear",TRUE,Size,Semi Stitched,2000,shopify,5,deny,manual,72.99,104.99,TRUE,TRUE,,https://fashidwholesale.in/images/product/sub_images/2026/05/2026-05-06_13_59_23-VOL-34%20By%20ZEEL%20COTHING%207093%20BLUE.jpeg,1,Blue georgette party wear lehenga choli with soft net dupatta - front and back view,FALSE,Buy Blue Georgette Party Wear Lehenga Choli Online | LuxeMia,"Shop blue georgette party wear lehenga choli with soft net dupatta. Semi-stitched, custom tailoring, embroidery work. $73. Free shipping over $350.",active,https://fashidwholesale.in/images/product/sub_images/2026/05/2026-05-06_13_59_23-VOL-34%20By%20ZEEL%20COTHING%207093%20BLUE.jpeg,kg
green-party-wear-georgette-lehenga-choli-with-dupatta-7093,Green Georgette Party Wear Lehenga Choli with Dupatta,"<p>Buy <strong>green georgette party wear lehenga choli</strong> with soft net dupatta — a stunning party wear outfit for weddings, sangeet, mehendi, receptions, and festive celebrations. This semi-stitched lehenga choli set features beautiful embroidery work on premium georgette fabric, designed for the modern Indian woman who values both tradition and comfort.</p>

<h2>Green Georgette Party Wear Lehenga Choli — Product Details</h2>
<p>This green party wear lehenga choli is crafted from high-quality georgette fabric with intricate embroidery work, making it perfect for party wear events, wedding ceremonies, and festive gatherings. The set includes a semi-stitched lehenga skirt, an unstitched blouse (choli), and a matching soft net dupatta — all ready for custom tailoring to your exact measurements.</p>

<h3>Fabric & Material</h3>
<ul>
<li><strong>Lehenga Fabric:</strong> Premium georgette — lightweight, flowy, and comfortable for all-day wear</li>
<li><strong>Blouse (Choli) Fabric:</strong> Georgette with embroidery work</li>
<li><strong>Dupatta Fabric:</strong> Soft net with embroidered border</li>
<li><strong>Work:</strong> Thread embroidery with sequins detailing</li>
</ul>

<h3>Style & Fit</h3>
<ul>
<li><strong>Type:</strong> Party Wear Lehenga Choli</li>
<li><strong>Color:</strong> Green</li>
<li><strong>Size:</strong> Semi Stitched (free size, custom tailoring available)</li>
<li><strong>Silhouette:</strong> A-line flared lehenga with dupatta</li>
<li><strong>Fit:</strong> Semi-stitched lehenga skirt with unstitched blouse for custom fit</li>
</ul>

<h2>When to Wear This Green Lehenga Choli</h2>
<p>This versatile green georgette lehenga choli is perfect for:</p>
<ul>
<li><strong>Wedding functions:</strong> Sangeet, mehendi, haldi, engagement, and reception ceremonies</li>
<li><strong>Festive occasions:</strong> Diwali, Navratri, Eid, Dussehra, and Karwa Chauth</li>
<li><strong>Party Wear:</strong> Parties, cocktail events, and evening functions</li>
<li><strong>As a wedding guest:</strong> A green lehenga choli is an elegant choice for guests at Indian weddings</li>
<li><strong>As a bridesmaid:</strong> Coordinate with the bride's color theme for a cohesive bridal party look</li>
</ul>

<h2>Why Choose This Green Georgette Lehenga Choli?</h2>
<ul>
<li><strong>Premium georgette fabric:</strong> Lightweight, breathable, and flows beautifully — perfect for dancing at sangeet and reception events</li>
<li><strong>Intricate embroidery work:</strong> Hand-crafted thread and sequins embroidery adds elegance without being overly heavy</li>
<li><strong>Semi-stitched for custom fit:</strong> The lehenga skirt comes semi-stitched and the blouse is unstitched, allowing you to tailor it to your exact body measurements</li>
<li><strong>Soft net dupatta included:</strong> A matching soft net dupatta with embroidered border completes the look</li>
<li><strong>Green color:</strong> Green is a versatile shade that flatters all skin tones and photographs beautifully in wedding photography</li>
<li><strong>Affordable luxury:</strong> Priced at $72.99 (compare at $104.99) — designer-quality lehenga choli at a fraction of boutique prices</li>
</ul>

<h2>How to Style This Green Lehenga Choli</h2>
<p>For a complete party wear look, pair this green georgette lehenga choli with:</p>
<ul>
<li><strong>Jewelry:</strong> Kundan or polki necklace set with matching earrings and maang tikka</li>
<li><strong>Footwear:</strong> Embellished juttis or heels in gold or green</li>
<li><strong>Hairstyle:</strong> Loose curls with fresh jasmine flowers (gajra) for traditional events, or a sleek bun for modern functions</li>
<li><strong>Makeup:</strong> Bold eyes with neutral lips, or a classic red lip with subtle eye makeup</li>
<li><strong>Dupatta draping:</strong> Drape the soft net dupatta over one shoulder for a classic look, or pin it on both shoulders for a more modern silhouette</li>
</ul>

<h2>Shipping & Returns</h2>
<p><strong>Free shipping</strong> on orders over $350 to USA, Canada & Australia. Flat rate $25 per order for orders under $350. Ready-to-wear items dispatch in 3-5 business days; custom-stitched items dispatch in 5-7 business days. Delivery 7-10 business days via USPS/UPS/DHL with full tracking. All sales final. Damage claims accepted within 48 hours with mandatory unboxing video.</p>

<h2>Buy Green Lehenga Choli Online in USA, Canada & Australia</h2>
<p>LuxeMia ships authentic Indian ethnic wear to NRIs and ethnic fashion lovers across the USA, Canada, and Australia. This green georgette party wear lehenga choli is sourced directly from India's textile hubs and quality-inspected before shipping. Shop with confidence — custom tailoring, worldwide shipping, and USA-based customer support.</p>",LuxeMia,Clothing,Lehenga Choli,"green, green lehenga, green lehenga choli, green georgette lehenga, georgette, georgette lehenga, georgette lehenga choli, soft net dupatta, net dupatta, party, party lehenga, party lehenga choli, party wear, wedding lehenga, festival wear, sangeet, mehendi, reception, engagement, diwali, navratri, eid, lehenga, lehenga choli, designer lehenga, embroidered lehenga, bridal lehenga, ghagra choli, semi stitched, semi stitched lehenga, unstitched blouse, custom tailoring, made to measure, ready to ship, with dupatta, embroidery work, thread work, sequins work, women, bride, bridesmaid, wedding guest, usa, canada, australia, nri, indian ethnic wear, indian wedding wear",TRUE,Size,Semi Stitched,2000,shopify,5,deny,manual,72.99,104.99,TRUE,TRUE,,https://fashidwholesale.in/images/product/sub_images/2026/05/2026-05-06_13_59_23-VOL-34%20By%20ZEEL%20COTHING%207093%20GREEN.jpeg,1,Green georgette party wear lehenga choli with soft net dupatta - front and back view,FALSE,Buy Green Georgette Party Wear Lehenga Choli Online | LuxeMia,"Shop green georgette party wear lehenga choli with soft net dupatta. Semi-stitched, custom tailoring, embroidery work. $73. Free shipping over $350.",active,https://fashidwholesale.in/images/product/sub_images/2026/05/2026-05-06_13_59_23-VOL-34%20By%20ZEEL%20COTHING%207093%20GREEN.jpeg,kg
